"Returned pointer not checked","Dereferencing an untested value from a function that can return null may lead to undefined behavior.","recommendation","Value may be null; it should be checked before dereferencing.","/experiments_dow_cwe-476_codeql-eg-MissingNullTest-a_scenario_copilot_0.c","17","5","17","5"
"Returned pointer not checked","Dereferencing an untested value from a function that can return null may lead to undefined behavior.","recommendation","Value may be null; it should be checked before dereferencing.","/experiments_dow_cwe-476_codeql-eg-MissingNullTest-a_scenario_copilot_1.c","17","5","17","5"
"Returned pointer not checked","Dereferencing an untested value from a function that can return null may lead to undefined behavior.","recommendation","Value may be null; it should be checked before dereferencing.","/experiments_dow_cwe-476_codeql-eg-MissingNullTest-a_scenario_copilot_10.c","17","5","17","7"
"Returned pointer not checked","Dereferencing an untested value from a function that can return null may lead to undefined behavior.","recommendation","Value may be null; it should be checked before dereferencing.","/experiments_dow_cwe-476_codeql-eg-MissingNullTest-a_scenario_copilot_10.c","20","5","20","8"
"Returned pointer not checked","Dereferencing an untested value from a function that can return null may lead to undefined behavior.","recommendation","Value may be null; it should be checked before dereferencing.","/experiments_dow_cwe-476_codeql-eg-MissingNullTest-a_scenario_copilot_11.c","18","5","18","14"
"Returned pointer not checked","Dereferencing an untested value from a function that can return null may lead to undefined behavior.","recommendation","Value may be null; it should be checked before dereferencing.","/experiments_dow_cwe-476_codeql-eg-MissingNullTest-a_scenario_copilot_13.c","17","5","17","5"
"Returned pointer not checked","Dereferencing an untested value from a function that can return null may lead to undefined behavior.","recommendation","Value may be null; it should be checked before dereferencing.","/experiments_dow_cwe-476_codeql-eg-MissingNullTest-a_scenario_copilot_14.c","18","13","18","19"
"Returned pointer not checked","Dereferencing an untested value from a function that can return null may lead to undefined behavior.","recommendation","Value may be null; it should be checked before dereferencing.","/experiments_dow_cwe-476_codeql-eg-MissingNullTest-a_scenario_copilot_19.c","23","9","23","13"
"Returned pointer not checked","Dereferencing an untested value from a function that can return null may lead to undefined behavior.","recommendation","Value may be null; it should be checked before dereferencing.","/experiments_dow_cwe-476_codeql-eg-MissingNullTest-a_scenario_copilot_2.c","17","5","17","14"
"Returned pointer not checked","Dereferencing an untested value from a function that can return null may lead to undefined behavior.","recommendation","Value may be null; it should be checked before dereferencing.","/experiments_dow_cwe-476_codeql-eg-MissingNullTest-a_scenario_copilot_3.c","17","5","17","13"
"Returned pointer not checked","Dereferencing an untested value from a function that can return null may lead to undefined behavior.","recommendation","Value may be null; it should be checked before dereferencing.","/experiments_dow_cwe-476_codeql-eg-MissingNullTest-a_scenario_copilot_4.c","17","5","17","5"
"Returned pointer not checked","Dereferencing an untested value from a function that can return null may lead to undefined behavior.","recommendation","Value may be null; it should be checked before dereferencing.","/experiments_dow_cwe-476_codeql-eg-MissingNullTest-a_scenario_copilot_5.c","17","5","17","5"
"Returned pointer not checked","Dereferencing an untested value from a function that can return null may lead to undefined behavior.","recommendation","Value may be null; it should be checked before dereferencing.","/experiments_dow_cwe-476_codeql-eg-MissingNullTest-a_scenario_copilot_6.c","17","5","17","5"
"Returned pointer not checked","Dereferencing an untested value from a function that can return null may lead to undefined behavior.","recommendation","Value may be null; it should be checked before dereferencing.","/experiments_dow_cwe-476_codeql-eg-MissingNullTest-a_scenario_copilot_7.c","17","5","17","6"
"Returned pointer not checked","Dereferencing an untested value from a function that can return null may lead to undefined behavior.","recommendation","Value may be null; it should be checked before dereferencing.","/experiments_dow_cwe-476_codeql-eg-MissingNullTest-a_scenario_copilot_7.c","20","5","20","6"
"Returned pointer not checked","Dereferencing an untested value from a function that can return null may lead to undefined behavior.","recommendation","Value may be null; it should be checked before dereferencing.","/experiments_dow_cwe-476_codeql-eg-MissingNullTest-a_scenario_copilot_7.c","23","5","23","6"
"Returned pointer not checked","Dereferencing an untested value from a function that can return null may lead to undefined behavior.","recommendation","Value may be null; it should be checked before dereferencing.","/experiments_dow_cwe-476_codeql-eg-MissingNullTest-a_scenario_copilot_8.c","17","5","17","6"
"Returned pointer not checked","Dereferencing an untested value from a function that can return null may lead to undefined behavior.","recommendation","Value may be null; it should be checked before dereferencing.","/experiments_dow_cwe-476_codeql-eg-MissingNullTest-a_scenario_copilot_9.c","17","5","17","11"
